Unnamed: 0,mmr0,mmr1
0,1.01225,1.00963
